{
    "countryWiseGateways" : {
      "india":"razorpay",
      "default":"razorpay"
    },
    "paypal" : {
      "clientId":"",
      "clientSecret":"",
      "mode":"sandbox",
      "endpoint":"https://api.sandbox.paypal.com",
      "returnUrl":"/api/payment/approvedPayment",
      "cancelUrl":"/api/payment/cancelledPayment",
      "method":"paypal",
      "currency":"USD"
    },
    "payu" : {
      "url" : "https://secure.payu.in/_payment",
      "key" : "",
      "salt":"",
      "pg":"CC",
      "surl" : "/api/paymentSuccess",
      "curl" : "/api/paymentCancelled",
      "furl" : "/api/paymentFailure"
    },
    "razorpay": {
      "key": "",
      "secret": "",
      "razorpaySuccessURL": "/api/paymentSuccess",
      "paymentCurrency" : "INR"
    }
  }