[
  {
    "name": "Freemium",
    "id": "L1",
    "price": 0,
    "dailyDataLimitInMB": 50,
    "dailyEventsLimit": 50000,
    "analyticStreamsLimit": 200,
    "totalStreamsLimit": 200,
    "maxRetentionInDays": 7,
    "insightRetentionInDays":30,
    "additionalInfo" : {
        "ml": 0,
        "platformAccess": "No",
        "customizations": "No",
        "predictive": "No"
    },
    "swInHours": 169,
    "minSWInHours": 24,
    "maxSWInHours": 24,
    "machineRAMInGB": 60,
    "persistMode": "TIMEGRAN_SAMPLE_ARCHIVE",
    "duration": "MONTHLY",
    "durationOpts": [{"code": "MONTHLY", "name": "Pay Monthly", "daysFree": -15}],
    "sampleGran": "MINUTE",
    "status": 1,
    "mc":321,
    "upgradeable":["Basic", "Pro", "Enterprise"]
  },

  {
    "name": "Basic",
    "id": "L2",
    "price": 59,
    "dailyDataLimitInMB": 50,
    "dailyEventsLimit": 50000,
    "analyticStreamsLimit": 400,
    "totalStreamsLimit": 400,
    "maxRetentionInDays": 7,
    "insightRetentionInDays":30,
    "additionalInfo" : {
        "ml": 0,
        "platformAccess": "No",
        "customizations": "No",
        "predictive": "No"
    },
    "swInHours": 169,
    "minSWInHours": 24,
    "maxSWInHours": 24,
    "machineRAMInGB": 60,
    "persistMode": "TIMEGRAN_SAMPLE_ARCHIVE",
    "duration": "MONTHLY",
    "durationOpts": [{"code": "MONTHLY", "name": "Pay Monthly", "daysFree": 0}, {"code": "YEARLY", "name": "Pay Yearly", "daysFree": 30}],
    "sampleGran": "MINUTE",
    "status": 1,
    "mc":321,
    "upgradeable":["Basic", "Pro", "Enterprise"]
  },

  {
    "name": "Pro",
    "id": "L3",
    "price": 179,
    "dailyDataLimitInMB": 100,
    "dailyEventsLimit": 100000,
    "analyticStreamsLimit": 600,
    "totalStreamsLimit": 600,
    "maxRetentionInDays": 14,
    "insightRetentionInDays":90,
    "additionalInfo" : {
        "ml": 2,
        "platformAccess": "Yes",
        "customizations": "Yes",
        "predictive": "Yes"
    },
    "swInHours": 337,
    "minSWInHours": 1,
    "maxSWInHours": 24,
    "machineRAMInGB": 20,
    "persistMode": "TIMEGRAN_SAMPLE_ARCHIVE",
    "duration": "MONTHLY",
    "durationOpts": [{"code": "MONTHLY", "name": "Pay Monthly", "daysFree": 0}, {"code": "YEARLY", "name": "Pay Yearly", "daysFree": 30}],
    "sampleGran": "MINUTE",
    "status": 1,
    "mc": 160,
    "upgradeable":["Pro"]
  },

  {
    "name": "Pro",
    "id": "L4",
    "price": 349,
    "dailyDataLimitInMB": 200,
    "dailyEventsLimit": 200000,
    "analyticStreamsLimit": 600,
    "totalStreamsLimit": 600,
    "maxRetentionInDays": 30,
    "insightRetentionInDays":180,
    "additionalInfo" : {
        "ml": 5,
        "platformAccess": "Yes",
        "customizations": "Yes",
        "predictive": "Yes"
    },
    "swInHours": 721,
    "minSWInHours": 1,
    "maxSWInHours": 24,
    "machineRAMInGB": 20,
    "persistMode": "TIMEGRAN_SAMPLE_ARCHIVE",
    "duration": "MONTHLY",
    "durationOpts": [{"code": "MONTHLY", "name": "Pay Monthly", "daysFree": 0}, {"code": "YEARLY", "name": "Pay Yearly", "daysFree": 30}],
    "sampleGran": "MINUTE",
    "status": 1,
    "mc": 160,
    "upgradeable":["Pro"]
  },



  {
    "name": "Pro",
    "id": "L5",
    "price": 479,
    "dailyDataLimitInMB": 500,
    "dailyEventsLimit": 500000,
    "analyticStreamsLimit": 750,
    "totalStreamsLimit": 750,
    "maxRetentionInDays": 60,
    "insightRetentionInDays":365,
    "additionalInfo" : {
        "ml": 10,
        "platformAccess": "Yes",
        "customizations": "Yes",
        "predictive": "Yes"
    },
    "swInHours": 1441,
    "minSWInHours": 1,
    "maxSWInHours": 24,
    "machineRAMInGB": 20,
    "persistMode": "TIMEGRAN_SAMPLE_ARCHIVE",
    "duration": "MONTHLY",
    "durationOpts": [{"code": "MONTHLY", "name": "Pay Monthly", "daysFree": 0}, {"code": "YEARLY", "name": "Pay Yearly", "daysFree": 30}],
    "sampleGran": "MINUTE",
    "status": 1,
    "mc": 160,
    "upgradeable":["Pro"]
  },


  {
    "name": "Pro",
    "id": "L6",
    "price": 999,
    "dailyDataLimitInMB": 1024,
    "dailyEventsLimit": 1000000,
    "analyticStreamsLimit": 1500,
    "totalStreamsLimit": 1500,
    "maxRetentionInDays": 180,
    "insightRetentionInDays":730,
    "additionalInfo" : {
        "ml": 20,
        "platformAccess": "Yes",
        "customizations": "Yes",
        "predictive": "Yes"
    },
    "swInHours": 4320,
    "minSWInHours": 1,
    "maxSWInHours": 24,
    "machineRAMInGB": 20,
    "persistMode": "TIMEGRAN_SAMPLE_ARCHIVE",
    "duration": "MONTHLY",
    "durationOpts": [{"code": "MONTHLY", "name": "Pay Monthly", "daysFree": 0}, {"code": "YEARLY", "name": "Pay Yearly", "daysFree": 30}],
    "sampleGran": "MINUTE",
    "status": 1,
    "mc": 160,
    "upgradeable":["Pro"]
  },

  {
    "name": "Enterprise",
    "id": "L100",
    "price": 392,
    "dailyDataLimitInMB": 737280,
    "dailyEventsLimit": 250000000,
    "analyticStreamsLimit": 1000,
    "totalStreamsLimit": 1000,
    "maxRetentionInDays": 3650,
    "insightRetentionInDays":3650,
    "additionalInfo" : {
        "ml": 200,
        "platformAccess": "Yes",
        "customizations": "Yes",
        "predictive": "Yes"
    },
    "swInHours": 5000,
    "minSWInHours": 4,
    "maxSWInHours": 168,
    "machineRAMInGB": 40,
    "persistMode": "TIMEGRAN_SAMPLE_ARCHIVE",
    "duration": "MONTHLY",
    "durationOpts": [{"code": "MONTHLY", "name": "Pay Monthly", "daysFree": 100000}, {"code": "YEARLY", "name": "Pay Yearly", "daysFree": 1000000}],
    "sampleGran": "MINUTE",
    "status": 1,
    "mc": 321,
    "upgradeable":["Enterprise"]
  }
]
