<?xml version="1.0" encoding="UTF-8"?>
<configuration>

    <conversionRule conversionWord="coloredLevel" converterClass="play.api.Logger$ColoredLevel"/>

    <appender name="FILE" class="ch.qos.logback.core.rolling.RollingFileAppender">
        <file>${user.dir}/logs/application.log</file>
        <rollingPolicy class="ch.qos.logback.core.rolling.TimeBasedRollingPolicy">
            <!-- Daily rollover with compression -->
            <fileNamePattern>${user.dir}/logs/application-log-%d{yyyy-MM-dd}.gz</fileNamePattern>
            <!-- keep 30 days worth of history -->
            <maxHistory>30</maxHistory>
        </rollingPolicy>
        <encoder>
            <pattern>[%date{yyyy-MM-dd HH:mm:ss.S (XXX)}] - %coloredLevel - %logger [%thread] -- %message%n%xException%n</pattern>
            <immediateFlush>true</immediateFlush>
        </encoder>
    </appender>
    <appender name="STDOUT" class="ch.qos.logback.core.ConsoleAppender">
        <encoder>
            <pattern>[%date{yyyy-MM-dd HH:mm:ss.S (XXX)}] - %coloredLevel %logger{15} [%thread] -- %message%n%xException{10}</pattern>
        </encoder>
    </appender>

    <appender name="ASYNCFILE" class="ch.qos.logback.classic.AsyncAppender">
        <appender-ref ref="FILE"/>
    </appender>

    <appender name="ASYNCSTDOUT" class="ch.qos.logback.classic.AsyncAppender">
        <appender-ref ref="STDOUT"/>
    </appender>
    <appender name="ACCESS_FILE" class="ch.qos.logback.core.rolling.RollingFileAppender">
        <file>${user.dir}/logs/access.log</file>
        <rollingPolicy class="ch.qos.logback.core.rolling.TimeBasedRollingPolicy">
            <!-- daily rollover with compression -->
            <fileNamePattern>${user.dir}/logs/access-log-%d{yyyy-MM-dd}.gz</fileNamePattern>
            <!-- keep 1 week worth of history -->
            <maxHistory>7</maxHistory>
        </rollingPolicy>
        <encoder>
            <pattern>%date{yyyy-MM-dd HH:mm:ss ZZZZ} %message%n</pattern>
            <!-- this quadruples logging throughput -->
            <immediateFlush>true</immediateFlush>
        </encoder>
    </appender>

    <!-- additivity=false ensures access log data only goes to the access log -->
    <logger name="access" level="DEBUG" additivity="false">
        <appender-ref ref="ACCESS_FILE" />
    </logger>

    <logger name="play" level="ERROR"/>
    <logger name="application" level="ERROR"/>
    <logger name="com.iqlect" level="ERROR"/>

    <root level="WARN">
        <appender-ref ref="ASYNCFILE"/>
        <!--<appender-ref ref="ASYNCSTDOUT"/>-->
    </root>

</configuration>
