{
  "wideTables" : [
    {
      "name": "apps",
      "description": "App is interface for organising data and using. Few other components are connected to it, like streams, dashboards, charts etc.",
      "primaryKeySize": 15,
      "indexes": [
        {
          "fieldPath": "accountID",
          "indexType": "String"
        },
        {
          "fieldPath": "id"
        },
        {
          "fieldPath": "parentAppId"
        },
        {
          "fieldPath": "appName",
          "indexType": "String"
        },
        {
          "fieldPath": "desc",
          "indexType": "String"
        }
      ]
    },
    {
      "name": "users",
      "description": "Stores information about registered users",
      "primaryKeySize": 15,
      "indexes": [
        {
          "fieldPath":"loginInfo.providerKey",
          "indexType":"String",
          "indexSize": 64
        },
        {
          "fieldPath":"fullName",
          "indexType":"String"
        },
        {
          "fieldPath": "loginInfo.providerID",
          "indexType": "String"
        },
        {
          "fieldPath": "accountID"
        },
        {
          "fieldPath": "status",
          "indexType": "Long"
        }
      ]
    },
    {
      "name": "accounts",
      "description": "Each user is being given an Account.",
      "primaryKeySize": 15,
      "indexes": [
        {
          "fieldPath": "ownerID",
          "indexType":"String"
        },
        {
          "fieldPath": "licenseID",
          "indexType": "String"
        },
        {
          "fieldPath": "status",
          "indexType": "Long"
        }
      ]
    },
    {
      "name": "authInfo",
      "description": "Stores user password",
      "primaryKeySize": 50,
      "indexes": [
        {
          "fieldPath": "loginInfo.providerKey",
          "indexType":"String",
          "indexSize": 64
        },
        {
          "fieldPath": "loginInfo.providerID"
        },
        {
          "fieldPath": "status",
          "indexType": "Long"
        }
      ]
    },
    {
      "name": "authKeys",
      "description": "Once logged in, this can be used as token for authorizing all the requests.",
      "primaryKeySize": 40,
      "indexes": [
        {
          "fieldPath": "userID",
          "indexType": "String",
          "indexSize": 40
        },
        {
          "fieldPath": "accountID",
          "indexType": "String",
          "indexSize": 40
        },
        {
          "fieldPath": "status",
          "indexType": "Long"
        }
      ]
    },
    {
      "name": "identityAccess",
      "description": "Not used. Added to support Identity Access Management.",
      "primaryKeySize": 15,
      "indexes": [
        {
          "fieldPath": "owner",
          "indexType": "String",
          "indexSize": 20
        },
        {
          "fieldPath": "ownerID",
          "indexType": "String",
          "indexSize": 40
        },
        {
          "fieldPath": "resource",
          "indexType": "String",
          "indexSize": 20
        },
        {
          "fieldPath": "resourceID",
          "indexType": "String",
          "indexSize": 40
        },
        {
          "fieldPath": "access",
          "indexType": "String",
          "indexSize": 10
        },
        {
          "fieldPath": "status",
          "indexType": "Long"
        }
      ]
    },
    {
      "name": "appDashboards",
      "description": "Dashboard is collection of charts.",
      "primaryKeySize": 25,
      "indexes": [
        {
          "fieldPath": "accountID"
        },
        {
          "fieldPath": "id"
        },
        {
          "fieldPath": "appId"
        },
        {
          "fieldPath": "name"
        },
        {
          "fieldPath": "status",
          "indexType": "Long"
        }
      ]
    },
    {
      "name": "servers",
      "description": "Holds information about BangDb servers added to the pool.",
      "primaryKeySize": 15,
      "indexes": [
        {
          "fieldPath": "serverInfo.ipAddress"
        },
        {
          "fieldPath": "brsServerInfo.ipAddress"
        },
        {
          "fieldPath": "serverInfo.hostName"
        },
        {
          "fieldPath": "licenseID"
        },
        {
          "fieldPath": "userCount",
          "indexType": "Long"
        },
        {
          "fieldPath": "status",
          "indexType": "Long"
        },
        {
          "fieldPath": "serverInfo.hostPort",
          "indexType": "Long"
        }
      ]
    },
    {
      "name": "schemas",
      "description": "For each schema created in BangDb through the portal, one meta data object corresponding to that is created.",
      "primaryKeySize": 25,
      "indexes": [
        {
          "fieldPath": "accountID"
        },
        {
          "fieldPath": "schema-name",
          "indexSize": 64
        },
        {
          "fieldPath": "schema-id"
        }
      ]
    },
    {
      "name": "streams",
      "description": "For each stream created in BangDb through the portal, one meta data object of this type is created corresponding to that Db stream.",
      "primaryKeySize": 50,
      "indexes": [
        {
          "fieldPath": "name",
          "indexSize": 64
        },
        {
          "fieldPath": "id",
          "indexSize": 64
        },
        {
          "fieldPath": "accountID"
        },
        {
          "fieldPath": "schema-id"
        },
        {
          "fieldPath": "schema-name",
          "index-size": 100
        },
        {
          "fieldPath": "status",
          "indexType": "Long"
        }
      ]
    },
    {
      "name": "accountServerMapping",
      "description": "Holds the details about server assigned to the account of a user. This object is created during license launch.",
      "primaryKeySize": 15,
      "indexes": [
        {"fieldPath": "accountID"},
        {"fieldPath": "serverID"},
        {"fieldPath": "state"},
        {
          "fieldPath": "status",
          "indexType": "Long"
        }
      ]
    },
    {
      "name": "mailTokens",
      "description": "These tokens are generated and sent through mails for activation, and are removed after account activation.",
      "primaryKeySize": 40,
      "indexes": [
        {"fieldPath": "email", "indexSize": 64}]
    },
    {
      "name": "appReports",
      "description": "For generating app reports",
      "primaryKeySize": 15,
      "indexes": [
        {
          "fieldPath": "accountID",
          "indexType": "String"
        },
        {
          "fieldPath": "appID",
          "indexType": "String"
        }
      ]
    },
    {
      "name": "reportTemplates",
      "description": "For creating reports templates",
      "primaryKeySize": 15,
      "indexes": [
        {
          "fieldPath": "accountID",
          "indexType": "String"
        },
        {
          "fieldPath": "appID",
          "indexType": "String"
        }
      ]
    },
    {
      "name": "bangdbSecureAccesses",
      "description": "Used to allow external entities like agents to access DB. Holds bang db access tokens.",
      "primaryKeySize": 10,
      "indexes": [
      ]
    },
    {
      "name": "groups",
      "description": "For creating group of usersforgroup objects. Used for sending notifications.",
      "primaryKeySize": 25,
      "indexes": [
        {"fieldPath": "id"},
        {"fieldPath": "accountID"},
        {"fieldPath": "groupNameCode"}
      ]
    },
    {
      "name": "storeappsMeta",
      "description": "When user publishes an App, a master object of with all the components related to the App are in brs and its meta info is here",
      "primaryKeySize": 15,
      "indexes": [
        {"fieldPath": "id"},
        {"fieldPath": "accountID"},
        {"fieldPath": "status"},
        {"fieldPath": "parentAppId"}
      ]
    },
    {
      "name": "graphTable",
      "description": "Has configurations about ploting charts.",
      "primaryKeySize": 15,
      "indexes": [
        {"fieldPath": "id",
          "indexType": "String"
        },

        {"fieldPath": "appId",
          "indexType": "String"
        },
        {"fieldPath": "accountId",
          "indexType": "String"
        },
        {
          "fieldPath": "status"
        }
      ]
    },
    {
      "name": "drillDependency",
      "description": "Maintaining Explicit Dependency b/w multiple stream",
      "primaryKeySize": 15,
      "indexes": []
    },
    {
      "name": "streamChartMapping",
      "description": "Maintain mapping from streamID to chartID",
      "primaryKeySize": 15,
      "indexes": [
        {
          "fieldPath": "id",
          "indexType": "String"
        },
        {
          "fieldPath": "streamID",
          "indexType": "String"
        },
        {
          "fieldPath": "chartID",
          "indexType": "String"
        }
      ]
    },
    {
      "name": "chartDashboardMapping",
      "description": "Maintain mapping from chartID to dashboardID",
      "primaryKeySize": 15,
      "indexes": [
        {
          "fieldPath": "id",
          "indexType": "String"
        },
        {
          "fieldPath": "chartID",
          "indexType": "String"
        },
        {
          "fieldPath": "dashboardID",
          "indexType": "String"
        }
      ]
    },
    {
      "name": "cacheTable",
      "description": "Maintain Key and Value",
      "indexes": [
        {
          "fieldPath": "id",
          "indexType": "String",
          "indexSize": 128
        },
        {
          "fieldPath": "key",
          "indexType": "String",
          "indexSize": 128
        }
      ]
    },
    {
      "name": "appAdditionalData",
      "description": "any dump data",
      "primaryKeySize": 15,
      "indexes": [
        {
          "fieldPath": "appId",
          "indexType": "String"
        }
      ]

    },
    {
      "name": "permissions",
      "primaryKeySize": 15,
      "description": "Permissions template",
      "indexes": [
        {
          "fieldPath": "userID",
          "indexType": "String"
        },
        {
          "fieldPath": "accountID",
          "indexType": "String"
        }
      ]
    },
    {
      "name": "credentials",
      "description": "Credentials",
      "primaryKeySize": 15,
      "indexes": [
        {
          "fieldPath": "id",
          "indexType": "Long"
        },
        {
          "fieldPath": "appID",
          "indexType": "String"
        },
        {
          "fieldPath": "schemaName",
          "indexType": "String"
        },
        {
          "fieldPath": "type",
          "indexType": "String"
        }
      ]
    },
    {
      "name": "analysisQuery",
      "description": "Stores queries saved by user in stream analysis",
      "primaryKeySize": 15,
      "indexes": [
        {
          "fieldPath": "id",
          "indexType": "String"
        },
        {
          "fieldPath": "appID",
          "indexType": "String"
        },
        {
          "fieldPath": "query",
          "indexType": "String"
        }
      ]
    }
  ]
}
